{"cameraMode":{"drawMode":0,"name":"Shaded","section":"Shading Mode"},"sceneLighting":true,"audioPlay":false,"sceneViewState":{"m_AlwaysRefresh":false,"showFog":true,"showSkybox":true,"showFlares":true,"showImageEffects":true,"showParticleSystems":true,"showVisualEffectGraphs":true,"m_FxEnabled":true},"in2DMode":false,"pivot":{"x":466.9856872558594,"y":-66.87512969970703,"z":466.6834411621094},"rotation":{"x":-0.37331894040107729,"y":0.032286129891872409,"z":-0.012956068851053715,"w":-0.9271207451820374},"size":232.2762451171875,"orthographic":false}